Plant,Efficency,skills,Location,Products,Workforce_Count,Inventory_Location,Closure_Time,Service_Time
TCS,96,CHIP FORMATION,JAPAN,LCD AND LED PANELS,94171,USA,767,498
SONY,95,MICROPROCESSOR,CALIFORNIA,MOBILE,04515,CANADA,481,759
SONY,44,MICROPROCESSOR,BRAZIL,MOTHERBOARD CHIPSETS,00656,AUSTRALIA,745,321
SONY,83,MICROPROCESSOR,AUSTRALIA,MOBILE,53853,INDIA,226,013
TOYOTA,20,SOFTWARE DEVELOPMENT,CALIFORNIA,MOTHERBOARD CHIPSETS,80478,JAPAN,088,970
ONIDA,65,CHIP FORMATION,MUMBAI,LCD AND LED PANELS,80516,AUSTRALIA,416,067
ONIDA,76,CHIP FORMATION,CHENNAI,SEMICONDUCTORS,98656,CANADA,942,955
TCS,06,SOFTWARE DEVELOPMENT,CHINA,TV,25754,CANADA,223,481
SONY,99,MICROPROCESSOR,AUSTRALIA,DIGITAL CAMERAS,96543,CHINA,240,439
IBM,82,MICROPROCESSOR,CHINA,MOTHERBOARD CHIPSETS,77711,CHINA,471,396
SONY,57,CHIP FORMATION,CALIFORNIA,MOTHERBOARD CHIPSETS,22320,CANADA,161,500
TOYOTA,07,ASSEMBLING AND DISASSEMBLING,BANGALORE,AUTOMOBILES,41083,USA,910,908
ONIDA,85,MICROPROCESSOR,CANADA,AUTOMOBILES,63345,BRAZIL,699,731
IBM,60,SOFTWARE DEVELOPMENT,MUMBAI,SEMICONDUCTORS,51657,CHINA,962,073
TCS,20,CHIP FORMATION,ENGLAND,DIGITAL CAMERAS,53886,AUSTRALIA,554,823
TOYOTA,84,ASSEMBLING AND DISASSEMBLING,UNITED STATES,LCD AND LED PANELS,58873,USA,023,813
SAMSUNG,08,SOFTWARE DEVELOPMENT,ENGLAND,SEMICONDUCTORS,33696,BRAZIL,000,654
IBM,80,ASSEMBLING AND DISASSEMBLING,CHENNAI,SEMICONDUCTORS,97818,CHINA,690,416
SONY,01,MICROPROCESSOR,CANADA,MOTHERBOARD CHIPSETS,63668,INDIA,791,106
TCS,39,MICROPROCESSOR,CANADA,MOTHERBOARD CHIPSETS,14529,INDIA,736,418
ONIDA,73,SOFTWARE DEVELOPMENT,UNITED STATES,TV,76280,BRAZIL,611,080
ONIDA,25,MICROPROCESSOR,DELHI,AUTOMOTIVE VEHICLES,78829,AUSTRALIA,256,751
SAMSUNG,98,SOFTWARE DEVELOPMENT,AUSTRALIA,SEMICONDUCTORS,44697,CHINA,806,868
TOYOTA,96,ASSEMBLING AND DISASSEMBLING,BRAZIL,AUTOMOTIVE VEHICLES,83984,CALIFORNIA,865,154
TOYOTA,29,CHIP FORMATION,MUMBAI,SEMICONDUCTORS,80579,AUSTRALIA,140,962
ONIDA,38,ASSEMBLING AND DISASSEMBLING,UNITED STATES,LCD AND LED PANELS,08627,JAPAN,128,436
IBM,46,MICROPROCESSOR,BANGALORE,MOTHERBOARD CHIPSETS,27888,CHINA,530,359
SAMSUNG,66,CHIP FORMATION,BRAZIL,MOBILE,08556,AUSTRALIA,583,512
SAMSUNG,22,MICROPROCESSOR,ENGLAND,SEMICONDUCTORS,03279,CHINA,859,546
TCS,60,CHIP FORMATION,CHINA,MOBILE,35119,JAPAN,945,260
SONY,43,MICROPROCESSOR,ENGLAND,SEMICONDUCTORS,35389,USA,834,527
SAMSUNG,90,MICROPROCESSOR,CALIFORNIA,TV,24171,CANADA,811,011
SAMSUNG,49,SOFTWARE DEVELOPMENT,JAPAN,AUTOMOTIVE VEHICLES,67338,CANADA,764,021
TCS,96,ASSEMBLING AND DISASSEMBLING,AUSTRALIA,AUTOMOTIVE VEHICLES,78137,CANADA,755,705
ONIDA,26,MICROPROCESSOR,ENGLAND,MOTHERBOARD CHIPSETS,84997,CHINA,369,171
ONIDA,49,MICROPROCESSOR,CHINA,MOTHERBOARD CHIPSETS,31639,BRAZIL,833,982
TCS,85,SOFTWARE DEVELOPMENT,BANGALORE,AUTOMOTIVE VEHICLES,92296,CHINA,000,180
SONY,14,ASSEMBLING AND DISASSEMBLING,AUSTRALIA,MOTHERBOARD CHIPSETS,73876,USA,276,335
TCS,19,SOFTWARE DEVELOPMENT,ENGLAND,AUTOMOTIVE VEHICLES,82152,CHINA,648,894
TCS,85,ASSEMBLING AND DISASSEMBLING,UNITED STATES,TV,44640,INDIA,676,881
ONIDA,87,ASSEMBLING AND DISASSEMBLING,CHENNAI,AUTOMOTIVE VEHICLES,58196,INDIA,924,064
SONY,74,CHIP FORMATION,CANADA,MOBILE,40679,CHINA,461,800
TOYOTA,11,MICROPROCESSOR,BRAZIL,TV,34476,JAPAN,237,467
ONIDA,41,ASSEMBLING AND DISASSEMBLING,CALIFORNIA,AUTOMOBILES,71182,CHINA,309,730
TOYOTA,46,MICROPROCESSOR,CHENNAI,AUTOMOTIVE VEHICLES,90902,CALIFORNIA,773,221
TOYOTA,40,SOFTWARE DEVELOPMENT,BANGALORE,LCD AND LED PANELS,19582,AUSTRALIA,434,660
SONY,52,SOFTWARE DEVELOPMENT,UNITED STATES,DIGITAL CAMERAS,34502,CHINA,216,114
IBM,78,SOFTWARE DEVELOPMENT,BRAZIL,AUTOMOTIVE VEHICLES,38723,CALIFORNIA,426,537
TOYOTA,82,MICROPROCESSOR,CALIFORNIA,TV,98471,JAPAN,199,813
ONIDA,33,SOFTWARE DEVELOPMENT,UNITED STATES,MOTHERBOARD CHIPSETS,49647,CALIFORNIA,947,796
TOYOTA,41,SOFTWARE DEVELOPMENT,JAPAN,AUTOMOTIVE VEHICLES,12021,USA,860,827
TCS,73,CHIP FORMATION,CHENNAI,MOTHERBOARD CHIPSETS,62155,JAPAN,425,940
IBM,29,SOFTWARE DEVELOPMENT,UNITED STATES,MOTHERBOARD CHIPSETS,55306,CANADA,170,226
IBM,22,CHIP FORMATION,CALIFORNIA,MOBILE,61805,INDIA,465,768
TCS,35,ASSEMBLING AND DISASSEMBLING,CALIFORNIA,MOTHERBOARD CHIPSETS,83300,JAPAN,292,803
TOYOTA,38,ASSEMBLING AND DISASSEMBLING,CHENNAI,TV,45536,CANADA,152,084
TCS,94,CHIP FORMATION,CHINA,AUTOMOTIVE VEHICLES,45702,USA,319,798
TCS,22,CHIP FORMATION,CALIFORNIA,TV,70167,CALIFORNIA,058,955
IBM,84,ASSEMBLING AND DISASSEMBLING,AUSTRALIA,LCD AND LED PANELS,81255,CHINA,096,983
TCS,43,CHIP FORMATION,CANADA,AUTOMOTIVE VEHICLES,12885,CHINA,859,343
ONIDA,79,ASSEMBLING AND DISASSEMBLING,MUMBAI,AUTOMOBILES,51140,CANADA,317,511
TCS,28,SOFTWARE DEVELOPMENT,CHENNAI,DIGITAL CAMERAS,18253,USA,884,125
TCS,76,CHIP FORMATION,CHINA,AUTOMOTIVE VEHICLES,84378,CHINA,364,180
ONIDA,14,SOFTWARE DEVELOPMENT,BANGALORE,SEMICONDUCTORS,19526,BRAZIL,256,737
IBM,78,ASSEMBLING AND DISASSEMBLING,MUMBAI,MOTHERBOARD CHIPSETS,52081,BRAZIL,937,241
IBM,11,ASSEMBLING AND DISASSEMBLING,CHENNAI,SEMICONDUCTORS,01107,BRAZIL,168,417
SAMSUNG,01,MICROPROCESSOR,JAPAN,DIGITAL CAMERAS,15174,CALIFORNIA,064,106
TCS,52,ASSEMBLING AND DISASSEMBLING,CHENNAI,AUTOMOBILES,40758,USA,740,556
TOYOTA,96,CHIP FORMATION,JAPAN,AUTOMOTIVE VEHICLES,04731,AUSTRALIA,525,477
TOYOTA,01,ASSEMBLING AND DISASSEMBLING,UNITED STATES,MOTHERBOARD CHIPSETS,26382,CANADA,846,621
SAMSUNG,46,SOFTWARE DEVELOPMENT,MUMBAI,AUTOMOBILES,37064,CANADA,249,450
IBM,66,SOFTWARE DEVELOPMENT,ENGLAND,MOTHERBOARD CHIPSETS,42203,CALIFORNIA,795,927
TCS,94,CHIP FORMATION,CANADA,AUTOMOBILES,76228,USA,463,347
ONIDA,03,MICROPROCESSOR,MUMBAI,LCD AND LED PANELS,43039,BRAZIL,949,008
SAMSUNG,07,CHIP FORMATION,AUSTRALIA,MOBILE,79874,CANADA,300,817
TCS,86,SOFTWARE DEVELOPMENT,UNITED STATES,MOBILE,51565,USA,925,285
IBM,86,CHIP FORMATION,BRAZIL,DIGITAL CAMERAS,80339,CHINA,884,753
TCS,28,CHIP FORMATION,MUMBAI,SEMICONDUCTORS,15047,CANADA,335,946
SAMSUNG,47,ASSEMBLING AND DISASSEMBLING,MUMBAI,LCD AND LED PANELS,70137,BRAZIL,686,728
SONY,47,MICROPROCESSOR,BANGALORE,AUTOMOBILES,43686,CANADA,486,532
SAMSUNG,41,ASSEMBLING AND DISASSEMBLING,BRAZIL,AUTOMOBILES,16471,AUSTRALIA,090,305
ONIDA,61,ASSEMBLING AND DISASSEMBLING,BANGALORE,LCD AND LED PANELS,42788,CALIFORNIA,675,521
ONIDA,22,ASSEMBLING AND DISASSEMBLING,AUSTRALIA,MOBILE,19525,BRAZIL,267,667
SONY,62,MICROPROCESSOR,CANADA,SEMICONDUCTORS,21430,AUSTRALIA,045,713
ONIDA,04,CHIP FORMATION,UNITED STATES,MOBILE,85765,CALIFORNIA,144,354
SONY,66,SOFTWARE DEVELOPMENT,CALIFORNIA,TV,49736,CALIFORNIA,133,569
TCS,64,ASSEMBLING AND DISASSEMBLING,CALIFORNIA,AUTOMOBILES,55408,AUSTRALIA,923,930
ONIDA,92,MICROPROCESSOR,BANGALORE,LCD AND LED PANELS,61095,INDIA,328,938
TOYOTA,00,SOFTWARE DEVELOPMENT,AUSTRALIA,TV,71714,USA,309,215
TOYOTA,51,MICROPROCESSOR,DELHI,AUTOMOBILES,87127,BRAZIL,387,249
TCS,18,CHIP FORMATION,ENGLAND,MOTHERBOARD CHIPSETS,65739,CHINA,129,555
SONY,40,SOFTWARE DEVELOPMENT,CANADA,SEMICONDUCTORS,47569,BRAZIL,136,648
SONY,78,CHIP FORMATION,AUSTRALIA,MOBILE,44106,AUSTRALIA,947,081
TOYOTA,15,CHIP FORMATION,DELHI,MOTHERBOARD CHIPSETS,66931,USA,367,427
TCS,58,MICROPROCESSOR,CHENNAI,AUTOMOTIVE VEHICLES,06380,INDIA,782,675
TOYOTA,32,CHIP FORMATION,CANADA,DIGITAL CAMERAS,54184,JAPAN,777,045
TOYOTA,24,CHIP FORMATION,CANADA,MOBILE,60409,USA,924,825
IBM,04,MICROPROCESSOR,CANADA,AUTOMOTIVE VEHICLES,81136,USA,624,576
SAMSUNG,42,CHIP FORMATION,JAPAN,DIGITAL CAMERAS,72459,USA,433,744
ONIDA,17,CHIP FORMATION,AUSTRALIA,LCD AND LED PANELS,66410,USA,866,044
IBM,76,MICROPROCESSOR,JAPAN,TV,18636,AUSTRALIA,637,456
IBM,49,ASSEMBLING AND DISASSEMBLING,CHINA,LCD AND LED PANELS,24614,CALIFORNIA,225,737
TOYOTA,12,SOFTWARE DEVELOPMENT,BANGALORE,LCD AND LED PANELS,24094,CHINA,077,034
SAMSUNG,23,SOFTWARE DEVELOPMENT,CALIFORNIA,SEMICONDUCTORS,06132,INDIA,121,615
SAMSUNG,69,SOFTWARE DEVELOPMENT,MUMBAI,SEMICONDUCTORS,64584,CANADA,981,785
ONIDA,71,MICROPROCESSOR,BANGALORE,AUTOMOBILES,66458,BRAZIL,163,867
TOYOTA,36,ASSEMBLING AND DISASSEMBLING,CHINA,MOTHERBOARD CHIPSETS,63924,USA,833,355
TCS,49,MICROPROCESSOR,CALIFORNIA,MOBILE,79942,CALIFORNIA,362,960
SONY,91,CHIP FORMATION,MUMBAI,TV,55372,CHINA,466,751
TOYOTA,43,MICROPROCESSOR,DELHI,AUTOMOTIVE VEHICLES,27598,BRAZIL,088,913
SAMSUNG,89,MICROPROCESSOR,BANGALORE,MOBILE,54984,JAPAN,297,682
ONIDA,06,ASSEMBLING AND DISASSEMBLING,DELHI,DIGITAL CAMERAS,02774,JAPAN,762,777
TCS,02,SOFTWARE DEVELOPMENT,UNITED STATES,MOBILE,48991,CALIFORNIA,850,530
TOYOTA,75,MICROPROCESSOR,AUSTRALIA,DIGITAL CAMERAS,64451,BRAZIL,869,065
SAMSUNG,00,CHIP FORMATION,JAPAN,AUTOMOBILES,94383,INDIA,640,783
SONY,56,CHIP FORMATION,CHINA,MOTHERBOARD CHIPSETS,10574,USA,247,357
TOYOTA,22,MICROPROCESSOR,JAPAN,MOTHERBOARD CHIPSETS,76144,JAPAN,417,244
TCS,14,CHIP FORMATION,UNITED STATES,AUTOMOTIVE VEHICLES,99907,CALIFORNIA,536,370
IBM,31,SOFTWARE DEVELOPMENT,JAPAN,AUTOMOTIVE VEHICLES,89392,INDIA,533,399
ONIDA,12,ASSEMBLING AND DISASSEMBLING,ENGLAND,MOTHERBOARD CHIPSETS,47535,JAPAN,339,675
TOYOTA,14,CHIP FORMATION,CHINA,SEMICONDUCTORS,57557,CHINA,513,566
SONY,28,CHIP FORMATION,MUMBAI,LCD AND LED PANELS,41057,USA,646,553
SAMSUNG,44,ASSEMBLING AND DISASSEMBLING,UNITED STATES,LCD AND LED PANELS,12037,CHINA,599,630
IBM,30,CHIP FORMATION,CHINA,MOBILE,62752,INDIA,299,211
SONY,61,CHIP FORMATION,MUMBAI,TV,75057,INDIA,601,746
ONIDA,40,SOFTWARE DEVELOPMENT,CANADA,MOTHERBOARD CHIPSETS,63786,INDIA,042,143
ONIDA,39,CHIP FORMATION,CALIFORNIA,DIGITAL CAMERAS,80561,AUSTRALIA,569,051
TCS,88,CHIP FORMATION,AUSTRALIA,MOTHERBOARD CHIPSETS,78584,CANADA,506,850
TOYOTA,81,MICROPROCESSOR,CHINA,SEMICONDUCTORS,41522,INDIA,367,566
TCS,89,ASSEMBLING AND DISASSEMBLING,BRAZIL,AUTOMOBILES,54050,CALIFORNIA,837,775
ONIDA,48,ASSEMBLING AND DISASSEMBLING,AUSTRALIA,MOBILE,49217,BRAZIL,609,326
TCS,62,ASSEMBLING AND DISASSEMBLING,JAPAN,LCD AND LED PANELS,17222,JAPAN,965,695
SAMSUNG,07,SOFTWARE DEVELOPMENT,CANADA,TV,39784,INDIA,343,128
SAMSUNG,13,ASSEMBLING AND DISASSEMBLING,CALIFORNIA,AUTOMOBILES,99702,AUSTRALIA,955,543
SAMSUNG,59,CHIP FORMATION,CALIFORNIA,LCD AND LED PANELS,17269,CANADA,957,511
SONY,56,MICROPROCESSOR,CANADA,AUTOMOBILES,09295,CANADA,773,884
ONIDA,39,CHIP FORMATION,AUSTRALIA,MOTHERBOARD CHIPSETS,43920,CALIFORNIA,888,069
IBM,53,CHIP FORMATION,JAPAN,AUTOMOTIVE VEHICLES,77431,CALIFORNIA,270,056
SAMSUNG,08,CHIP FORMATION,UNITED STATES,MOBILE,34448,CALIFORNIA,425,941
ONIDA,52,CHIP FORMATION,CHINA,AUTOMOBILES,91980,JAPAN,349,244
SONY,71,ASSEMBLING AND DISASSEMBLING,ENGLAND,SEMICONDUCTORS,09564,BRAZIL,880,164
TCS,77,CHIP FORMATION,CHENNAI,SEMICONDUCTORS,60962,CALIFORNIA,898,469
SONY,94,ASSEMBLING AND DISASSEMBLING,AUSTRALIA,DIGITAL CAMERAS,30151,CALIFORNIA,632,833
ONIDA,01,ASSEMBLING AND DISASSEMBLING,CANADA,SEMICONDUCTORS,80502,CALIFORNIA,076,162
IBM,17,MICROPROCESSOR,CANADA,MOTHERBOARD CHIPSETS,78396,INDIA,335,388
TCS,10,ASSEMBLING AND DISASSEMBLING,CHINA,LCD AND LED PANELS,89605,CALIFORNIA,699,343
TOYOTA,94,ASSEMBLING AND DISASSEMBLING,CHINA,AUTOMOTIVE VEHICLES,68580,CALIFORNIA,448,969
TCS,68,SOFTWARE DEVELOPMENT,ENGLAND,MOBILE,47121,USA,900,707
TCS,60,MICROPROCESSOR,UNITED STATES,LCD AND LED PANELS,98823,USA,535,233
SAMSUNG,30,CHIP FORMATION,BANGALORE,SEMICONDUCTORS,63812,BRAZIL,712,920
SAMSUNG,90,SOFTWARE DEVELOPMENT,CHENNAI,SEMICONDUCTORS,04320,CANADA,266,769
TOYOTA,32,CHIP FORMATION,ENGLAND,LCD AND LED PANELS,19155,CHINA,260,761
SONY,41,MICROPROCESSOR,AUSTRALIA,DIGITAL CAMERAS,11656,BRAZIL,661,807
ONIDA,74,CHIP FORMATION,CALIFORNIA,MOTHERBOARD CHIPSETS,36515,USA,161,820
SAMSUNG,36,MICROPROCESSOR,JAPAN,AUTOMOTIVE VEHICLES,79958,AUSTRALIA,903,526
SAMSUNG,50,CHIP FORMATION,CALIFORNIA,MOBILE,38684,USA,180,278
SONY,15,SOFTWARE DEVELOPMENT,UNITED STATES,TV,72159,INDIA,533,098
TCS,49,MICROPROCESSOR,JAPAN,LCD AND LED PANELS,30481,BRAZIL,764,958
IBM,79,MICROPROCESSOR,DELHI,MOBILE,84305,INDIA,400,395
TCS,83,CHIP FORMATION,CANADA,SEMICONDUCTORS,12523,CANADA,857,461
ONIDA,06,MICROPROCESSOR,MUMBAI,DIGITAL CAMERAS,93669,CHINA,179,601
TOYOTA,71,ASSEMBLING AND DISASSEMBLING,CALIFORNIA,AUTOMOBILES,92964,USA,539,502
ONIDA,27,MICROPROCESSOR,AUSTRALIA,MOBILE,72716,JAPAN,700,737
TCS,13,ASSEMBLING AND DISASSEMBLING,DELHI,MOTHERBOARD CHIPSETS,37678,INDIA,589,404
SONY,22,MICROPROCESSOR,DELHI,LCD AND LED PANELS,82920,CANADA,727,841
TOYOTA,67,CHIP FORMATION,MUMBAI,MOBILE,44387,CHINA,317,404
TOYOTA,62,ASSEMBLING AND DISASSEMBLING,CHENNAI,SEMICONDUCTORS,79234,JAPAN,959,438
SONY,06,ASSEMBLING AND DISASSEMBLING,CANADA,AUTOMOBILES,72477,CANADA,803,217
SONY,06,SOFTWARE DEVELOPMENT,CANADA,MOBILE,49319,CANADA,370,666
SONY,59,ASSEMBLING AND DISASSEMBLING,JAPAN,MOBILE,27941,AUSTRALIA,979,449
SONY,16,SOFTWARE DEVELOPMENT,JAPAN,MOTHERBOARD CHIPSETS,26724,BRAZIL,957,026
IBM,19,ASSEMBLING AND DISASSEMBLING,BANGALORE,TV,69142,BRAZIL,510,984
TOYOTA,20,SOFTWARE DEVELOPMENT,AUSTRALIA,SEMICONDUCTORS,07316,CALIFORNIA,650,019
TOYOTA,55,CHIP FORMATION,CHENNAI,SEMICONDUCTORS,25428,INDIA,770,965
SONY,83,ASSEMBLING AND DISASSEMBLING,ENGLAND,LCD AND LED PANELS,26695,CALIFORNIA,174,679
IBM,21,SOFTWARE DEVELOPMENT,MUMBAI,AUTOMOTIVE VEHICLES,94131,JAPAN,921,522
TCS,13,CHIP FORMATION,UNITED STATES,MOBILE,13555,AUSTRALIA,113,994
ONIDA,51,SOFTWARE DEVELOPMENT,AUSTRALIA,DIGITAL CAMERAS,27667,INDIA,452,465
SAMSUNG,49,SOFTWARE DEVELOPMENT,BANGALORE,DIGITAL CAMERAS,68711,USA,436,772
ONIDA,12,MICROPROCESSOR,ENGLAND,AUTOMOTIVE VEHICLES,09460,INDIA,139,902
TOYOTA,99,SOFTWARE DEVELOPMENT,UNITED STATES,MOBILE,37623,CANADA,772,661
SONY,14,ASSEMBLING AND DISASSEMBLING,MUMBAI,TV,66941,AUSTRALIA,963,455
SONY,33,MICROPROCESSOR,MUMBAI,AUTOMOTIVE VEHICLES,91938,AUSTRALIA,837,408
TCS,61,MICROPROCESSOR,JAPAN,DIGITAL CAMERAS,25638,CALIFORNIA,503,568
ONIDA,26,SOFTWARE DEVELOPMENT,CHINA,MOBILE,13069,INDIA,753,755
TOYOTA,58,SOFTWARE DEVELOPMENT,CHENNAI,TV,29251,CHINA,433,097
IBM,15,MICROPROCESSOR,ENGLAND,AUTOMOTIVE VEHICLES,29037,CHINA,014,648
TOYOTA,64,ASSEMBLING AND DISASSEMBLING,CHENNAI,AUTOMOBILES,20214,JAPAN,938,961
ONIDA,43,ASSEMBLING AND DISASSEMBLING,AUSTRALIA,LCD AND LED PANELS,81072,CALIFORNIA,609,489
IBM,49,MICROPROCESSOR,JAPAN,SEMICONDUCTORS,31548,CALIFORNIA,496,022
SAMSUNG,09,SOFTWARE DEVELOPMENT,BRAZIL,AUTOMOBILES,61858,CANADA,524,161
SAMSUNG,92,ASSEMBLING AND DISASSEMBLING,MUMBAI,TV,65328,AUSTRALIA,416,966
ONIDA,09,ASSEMBLING AND DISASSEMBLING,CALIFORNIA,MOBILE,29073,INDIA,091,886
SONY,64,SOFTWARE DEVELOPMENT,CHENNAI,DIGITAL CAMERAS,24567,INDIA,308,890
SAMSUNG,76,CHIP FORMATION,CALIFORNIA,AUTOMOBILES,38385,USA,924,533
IBM,56,SOFTWARE DEVELOPMENT,CANADA,MOTHERBOARD CHIPSETS,22969,CHINA,463,784
IBM,13,CHIP FORMATION,BANGALORE,MOTHERBOARD CHIPSETS,14392,USA,872,935
SONY,39,CHIP FORMATION,ENGLAND,SEMICONDUCTORS,74490,JAPAN,936,067
SONY,31,ASSEMBLING AND DISASSEMBLING,UNITED STATES,DIGITAL CAMERAS,02876,CHINA,705,818
SONY,16,ASSEMBLING AND DISASSEMBLING,JAPAN,TV,20719,CANADA,923,763
ONIDA,47,SOFTWARE DEVELOPMENT,CHENNAI,DIGITAL CAMERAS,37082,JAPAN,568,239
SONY,12,MICROPROCESSOR,CHINA,AUTOMOTIVE VEHICLES,22727,INDIA,889,305
SAMSUNG,35,SOFTWARE DEVELOPMENT,ENGLAND,DIGITAL CAMERAS,62856,CANADA,178,091
SAMSUNG,22,MICROPROCESSOR,JAPAN,MOTHERBOARD CHIPSETS,32655,CANADA,825,673
SONY,45,SOFTWARE DEVELOPMENT,MUMBAI,SEMICONDUCTORS,50069,CHINA,376,780
TCS,66,ASSEMBLING AND DISASSEMBLING,CHENNAI,LCD AND LED PANELS,62090,JAPAN,208,561
SONY,97,SOFTWARE DEVELOPMENT,CALIFORNIA,SEMICONDUCTORS,54664,AUSTRALIA,893,867
SONY,10,ASSEMBLING AND DISASSEMBLING,UNITED STATES,TV,18025,CANADA,294,112
IBM,46,SOFTWARE DEVELOPMENT,ENGLAND,DIGITAL CAMERAS,68158,INDIA,979,369
TOYOTA,78,CHIP FORMATION,CANADA,SEMICONDUCTORS,43846,JAPAN,129,328
TOYOTA,90,SOFTWARE DEVELOPMENT,BRAZIL,DIGITAL CAMERAS,18437,USA,768,370
TOYOTA,77,MICROPROCESSOR,CALIFORNIA,LCD AND LED PANELS,72747,JAPAN,102,771
SAMSUNG,76,ASSEMBLING AND DISASSEMBLING,CHINA,SEMICONDUCTORS,78091,AUSTRALIA,714,302
SONY,44,ASSEMBLING AND DISASSEMBLING,CHINA,SEMICONDUCTORS,97725,JAPAN,182,993
SONY,62,ASSEMBLING AND DISASSEMBLING,JAPAN,SEMICONDUCTORS,62623,JAPAN,664,933
IBM,56,MICROPROCESSOR,BRAZIL,AUTOMOTIVE VEHICLES,45613,JAPAN,381,062
SONY,41,CHIP FORMATION,DELHI,LCD AND LED PANELS,19483,AUSTRALIA,428,514
SAMSUNG,64,ASSEMBLING AND DISASSEMBLING,CHINA,LCD AND LED PANELS,35465,USA,100,265
TCS,53,CHIP FORMATION,ENGLAND,AUTOMOBILES,94404,CHINA,408,362
SONY,95,CHIP FORMATION,CHINA,DIGITAL CAMERAS,67645,INDIA,039,716
SAMSUNG,61,MICROPROCESSOR,UNITED STATES,MOTHERBOARD CHIPSETS,97031,USA,233,137
IBM,84,MICROPROCESSOR,UNITED STATES,TV,27410,BRAZIL,582,076
TOYOTA,24,MICROPROCESSOR,ENGLAND,SEMICONDUCTORS,13692,CANADA,795,523
TOYOTA,54,ASSEMBLING AND DISASSEMBLING,CHINA,LCD AND LED PANELS,45305,CHINA,545,232
SAMSUNG,69,CHIP FORMATION,MUMBAI,LCD AND LED PANELS,06350,INDIA,084,635
SONY,17,ASSEMBLING AND DISASSEMBLING,MUMBAI,LCD AND LED PANELS,72980,CANADA,730,341
SONY,30,ASSEMBLING AND DISASSEMBLING,UNITED STATES,MOTHERBOARD CHIPSETS,63639,CANADA,903,068
IBM,13,SOFTWARE DEVELOPMENT,BRAZIL,AUTOMOBILES,38227,JAPAN,417,157
IBM,88,SOFTWARE DEVELOPMENT,BANGALORE,TV,24620,CALIFORNIA,278,989
TOYOTA,85,CHIP FORMATION,CANADA,AUTOMOTIVE VEHICLES,96571,CHINA,768,403
SONY,71,CHIP FORMATION,MUMBAI,AUTOMOTIVE VEHICLES,48514,CANADA,332,628
ONIDA,20,CHIP FORMATION,CANADA,DIGITAL CAMERAS,12521,AUSTRALIA,247,187
SAMSUNG,18,ASSEMBLING AND DISASSEMBLING,UNITED STATES,TV,18668,CALIFORNIA,404,595
SAMSUNG,67,CHIP FORMATION,ENGLAND,AUTOMOTIVE VEHICLES,22789,CALIFORNIA,912,774
SONY,18,SOFTWARE DEVELOPMENT,BRAZIL,AUTOMOBILES,22333,INDIA,434,217
SONY,13,CHIP FORMATION,MUMBAI,DIGITAL CAMERAS,10831,CHINA,074,661
SAMSUNG,84,CHIP FORMATION,CHENNAI,AUTOMOBILES,71367,JAPAN,395,754
SAMSUNG,00,CHIP FORMATION,CHENNAI,MOBILE,91818,CALIFORNIA,382,831
IBM,07,CHIP FORMATION,CHINA,LCD AND LED PANELS,57656,CALIFORNIA,128,881
TOYOTA,75,CHIP FORMATION,JAPAN,LCD AND LED PANELS,34946,USA,502,526
ONIDA,61,MICROPROCESSOR,MUMBAI,SEMICONDUCTORS,01337,USA,648,182
SAMSUNG,27,ASSEMBLING AND DISASSEMBLING,CHINA,SEMICONDUCTORS,28216,USA,978,960
TCS,71,SOFTWARE DEVELOPMENT,BANGALORE,LCD AND LED PANELS,14310,CALIFORNIA,082,919
TOYOTA,27,ASSEMBLING AND DISASSEMBLING,AUSTRALIA,DIGITAL CAMERAS,96040,USA,098,777
TCS,18,ASSEMBLING AND DISASSEMBLING,CALIFORNIA,AUTOMOTIVE VEHICLES,23316,AUSTRALIA,970,261
IBM,76,ASSEMBLING AND DISASSEMBLING,CANADA,MOBILE,59744,AUSTRALIA,133,015
SAMSUNG,04,CHIP FORMATION,DELHI,MOTHERBOARD CHIPSETS,13362,BRAZIL,140,138
TCS,11,CHIP FORMATION,CANADA,DIGITAL CAMERAS,17244,CALIFORNIA,231,125
TCS,41,SOFTWARE DEVELOPMENT,ENGLAND,TV,86195,BRAZIL,156,662
IBM,35,MICROPROCESSOR,BRAZIL,MOTHERBOARD CHIPSETS,85143,BRAZIL,553,599
SAMSUNG,09,CHIP FORMATION,CANADA,LCD AND LED PANELS,48496,BRAZIL,200,965
TOYOTA,24,SOFTWARE DEVELOPMENT,AUSTRALIA,AUTOMOTIVE VEHICLES,43157,JAPAN,643,328
ONIDA,85,MICROPROCESSOR,CHINA,AUTOMOTIVE VEHICLES,33658,CANADA,978,450
IBM,58,ASSEMBLING AND DISASSEMBLING,MUMBAI,SEMICONDUCTORS,14385,JAPAN,828,068
ONIDA,80,ASSEMBLING AND DISASSEMBLING,JAPAN,SEMICONDUCTORS,77596,INDIA,096,902
SONY,04,MICROPROCESSOR,DELHI,MOTHERBOARD CHIPSETS,65225,CHINA,060,945
TCS,54,CHIP FORMATION,CHINA,TV,81242,CANADA,342,692
TOYOTA,84,ASSEMBLING AND DISASSEMBLING,CHINA,AUTOMOBILES,72757,CHINA,072,325
TOYOTA,64,CHIP FORMATION,BANGALORE,TV,32166,CHINA,432,390
IBM,96,MICROPROCESSOR,UNITED STATES,LCD AND LED PANELS,44342,USA,519,445
TCS,20,ASSEMBLING AND DISASSEMBLING,CHINA,TV,82836,CANADA,618,879
SONY,38,SOFTWARE DEVELOPMENT,MUMBAI,SEMICONDUCTORS,13602,JAPAN,872,016
IBM,25,CHIP FORMATION,MUMBAI,DIGITAL CAMERAS,23715,JAPAN,799,306
TOYOTA,89,SOFTWARE DEVELOPMENT,JAPAN,AUTOMOTIVE VEHICLES,86151,JAPAN,146,689
SONY,20,CHIP FORMATION,BANGALORE,AUTOMOTIVE VEHICLES,22453,AUSTRALIA,619,819
SONY,44,ASSEMBLING AND DISASSEMBLING,CALIFORNIA,TV,43932,AUSTRALIA,235,061
SONY,08,ASSEMBLING AND DISASSEMBLING,BANGALORE,AUTOMOBILES,56298,AUSTRALIA,674,113
IBM,58,CHIP FORMATION,CALIFORNIA,SEMICONDUCTORS,26645,JAPAN,772,750
SONY,69,ASSEMBLING AND DISASSEMBLING,CHENNAI,SEMICONDUCTORS,93253,USA,140,741
TCS,42,MICROPROCESSOR,AUSTRALIA,DIGITAL CAMERAS,71776,CHINA,711,549
TCS,78,CHIP FORMATION,AUSTRALIA,SEMICONDUCTORS,93950,BRAZIL,962,326
SAMSUNG,12,MICROPROCESSOR,BRAZIL,AUTOMOBILES,35715,INDIA,905,236
SAMSUNG,36,MICROPROCESSOR,MUMBAI,SEMICONDUCTORS,02682,BRAZIL,337,290
SONY,45,CHIP FORMATION,DELHI,MOTHERBOARD CHIPSETS,85572,CANADA,842,066
SAMSUNG,95,SOFTWARE DEVELOPMENT,DELHI,AUTOMOTIVE VEHICLES,53186,CHINA,135,295
TOYOTA,36,SOFTWARE DEVELOPMENT,JAPAN,AUTOMOBILES,57938,USA,422,088
IBM,85,ASSEMBLING AND DISASSEMBLING,JAPAN,LCD AND LED PANELS,44046,USA,623,963
ONIDA,99,MICROPROCESSOR,DELHI,TV,65270,CANADA,302,448
TCS,32,ASSEMBLING AND DISASSEMBLING,CALIFORNIA,DIGITAL CAMERAS,26522,BRAZIL,061,725
IBM,23,ASSEMBLING AND DISASSEMBLING,CANADA,DIGITAL CAMERAS,87011,CANADA,058,986
TOYOTA,94,SOFTWARE DEVELOPMENT,DELHI,SEMICONDUCTORS,66582,JAPAN,313,715
ONIDA,47,SOFTWARE DEVELOPMENT,AUSTRALIA,MOTHERBOARD CHIPSETS,01954,JAPAN,835,283
TOYOTA,23,SOFTWARE DEVELOPMENT,CALIFORNIA,MOTHERBOARD CHIPSETS,40898,USA,351,322
SONY,31,ASSEMBLING AND DISASSEMBLING,JAPAN,MOTHERBOARD CHIPSETS,57525,INDIA,645,669
ONIDA,11,MICROPROCESSOR,CALIFORNIA,LCD AND LED PANELS,99480,JAPAN,977,889
IBM,88,MICROPROCESSOR,MUMBAI,AUTOMOTIVE VEHICLES,86322,BRAZIL,309,281
SAMSUNG,30,SOFTWARE DEVELOPMENT,AUSTRALIA,DIGITAL CAMERAS,24986,AUSTRALIA,341,075
TCS,51,ASSEMBLING AND DISASSEMBLING,CANADA,SEMICONDUCTORS,07532,AUSTRALIA,031,380
ONIDA,89,MICROPROCESSOR,CALIFORNIA,AUTOMOBILES,31230,CHINA,632,518
IBM,52,CHIP FORMATION,ENGLAND,AUTOMOBILES,24819,CANADA,592,043
SONY,32,CHIP FORMATION,ENGLAND,MOBILE,23076,CALIFORNIA,751,595
ONIDA,83,MICROPROCESSOR,BANGALORE,AUTOMOTIVE VEHICLES,42840,CHINA,331,236
TOYOTA,20,MICROPROCESSOR,BRAZIL,DIGITAL CAMERAS,08468,CALIFORNIA,573,023
ONIDA,88,MICROPROCESSOR,ENGLAND,MOBILE,32273,BRAZIL,010,422
ONIDA,00,CHIP FORMATION,UNITED STATES,AUTOMOTIVE VEHICLES,42980,BRAZIL,623,596
ONIDA,71,SOFTWARE DEVELOPMENT,UNITED STATES,DIGITAL CAMERAS,80048,JAPAN,405,916
TCS,80,ASSEMBLING AND DISASSEMBLING,ENGLAND,LCD AND LED PANELS,34249,USA,361,534
SAMSUNG,26,CHIP FORMATION,MUMBAI,AUTOMOBILES,30631,CHINA,817,442
TCS,00,MICROPROCESSOR,ENGLAND,MOTHERBOARD CHIPSETS,25149,USA,366,009
TOYOTA,52,SOFTWARE DEVELOPMENT,JAPAN,SEMICONDUCTORS,37301,JAPAN,154,952
IBM,87,SOFTWARE DEVELOPMENT,UNITED STATES,TV,75952,JAPAN,031,520
SONY,04,ASSEMBLING AND DISASSEMBLING,BRAZIL,MOTHERBOARD CHIPSETS,31828,CANADA,686,822
TCS,41,CHIP FORMATION,AUSTRALIA,AUTOMOTIVE VEHICLES,52959,CANADA,988,962
TOYOTA,79,SOFTWARE DEVELOPMENT,ENGLAND,AUTOMOBILES,26906,CALIFORNIA,525,784
SONY,22,ASSEMBLING AND DISASSEMBLING,UNITED STATES,TV,26867,JAPAN,288,727
SAMSUNG,88,ASSEMBLING AND DISASSEMBLING,ENGLAND,AUTOMOBILES,06311,JAPAN,223,068
IBM,98,CHIP FORMATION,MUMBAI,SEMICONDUCTORS,71514,USA,384,858
ONIDA,45,ASSEMBLING AND DISASSEMBLING,CALIFORNIA,AUTOMOBILES,77953,CANADA,253,212
SONY,45,ASSEMBLING AND DISASSEMBLING,BRAZIL,LCD AND LED PANELS,90258,AUSTRALIA,435,869
SAMSUNG,85,MICROPROCESSOR,CANADA,LCD AND LED PANELS,89355,CANADA,563,275
SONY,24,CHIP FORMATION,UNITED STATES,AUTOMOBILES,50642,CHINA,031,722
ONIDA,93,MICROPROCESSOR,ENGLAND,TV,55500,CALIFORNIA,083,254
ONIDA,66,ASSEMBLING AND DISASSEMBLING,DELHI,SEMICONDUCTORS,41240,JAPAN,242,049
SAMSUNG,04,SOFTWARE DEVELOPMENT,BANGALORE,DIGITAL CAMERAS,93405,CANADA,062,187
TCS,43,SOFTWARE DEVELOPMENT,CALIFORNIA,TV,54985,CALIFORNIA,729,809
SAMSUNG,80,MICROPROCESSOR,BRAZIL,DIGITAL CAMERAS,13098,BRAZIL,820,980
SONY,64,SOFTWARE DEVELOPMENT,UNITED STATES,MOTHERBOARD CHIPSETS,81326,CALIFORNIA,541,341
SAMSUNG,57,MICROPROCESSOR,CALIFORNIA,DIGITAL CAMERAS,45111,CANADA,827,039
IBM,72,CHIP FORMATION,MUMBAI,SEMICONDUCTORS,19560,BRAZIL,442,255
IBM,60,SOFTWARE DEVELOPMENT,CANADA,MOBILE,58121,CANADA,133,227
TCS,95,CHIP FORMATION,JAPAN,DIGITAL CAMERAS,99761,CALIFORNIA,203,434
SAMSUNG,21,ASSEMBLING AND DISASSEMBLING,CALIFORNIA,TV,86717,CALIFORNIA,195,354
SAMSUNG,16,CHIP FORMATION,MUMBAI,LCD AND LED PANELS,39612,INDIA,977,142
TCS,56,SOFTWARE DEVELOPMENT,CHINA,AUTOMOTIVE VEHICLES,82090,INDIA,275,407
TOYOTA,41,ASSEMBLING AND DISASSEMBLING,AUSTRALIA,TV,94790,INDIA,423,119
SAMSUNG,40,ASSEMBLING AND DISASSEMBLING,ENGLAND,AUTOMOTIVE VEHICLES,70131,CALIFORNIA,649,595
TCS,95,CHIP FORMATION,CHINA,DIGITAL CAMERAS,17201,INDIA,924,736
ONIDA,35,SOFTWARE DEVELOPMENT,AUSTRALIA,TV,96499,JAPAN,273,843
ONIDA,41,MICROPROCESSOR,CHINA,DIGITAL CAMERAS,04908,JAPAN,302,336
TCS,72,CHIP FORMATION,AUSTRALIA,SEMICONDUCTORS,25501,CALIFORNIA,577,393
ONIDA,28,CHIP FORMATION,BRAZIL,LCD AND LED PANELS,83451,CALIFORNIA,935,772
IBM,59,MICROPROCESSOR,AUSTRALIA,TV,16945,AUSTRALIA,698,567
SONY,55,CHIP FORMATION,CHINA,MOBILE,07845,BRAZIL,156,860
SONY,35,ASSEMBLING AND DISASSEMBLING,DELHI,SEMICONDUCTORS,75126,INDIA,243,945
ONIDA,14,SOFTWARE DEVELOPMENT,CANADA,SEMICONDUCTORS,78675,INDIA,799,731
SONY,45,ASSEMBLING AND DISASSEMBLING,BANGALORE,AUTOMOBILES,13179,CALIFORNIA,924,038
ONIDA,42,ASSEMBLING AND DISASSEMBLING,CALIFORNIA,SEMICONDUCTORS,62581,USA,843,700
SONY,88,CHIP FORMATION,MUMBAI,LCD AND LED PANELS,49761,BRAZIL,164,058
TOYOTA,08,MICROPROCESSOR,DELHI,DIGITAL CAMERAS,18493,INDIA,481,388
TOYOTA,57,MICROPROCESSOR,CHENNAI,MOBILE,77628,AUSTRALIA,052,257
SONY,14,CHIP FORMATION,BANGALORE,LCD AND LED PANELS,92023,CANADA,341,050
ONIDA,38,CHIP FORMATION,MUMBAI,AUTOMOTIVE VEHICLES,94028,AUSTRALIA,674,334
SONY,50,MICROPROCESSOR,JAPAN,TV,27254,CHINA,790,728
SAMSUNG,47,SOFTWARE DEVELOPMENT,JAPAN,MOBILE,30481,BRAZIL,664,726
SONY,86,MICROPROCESSOR,CALIFORNIA,LCD AND LED PANELS,39621,AUSTRALIA,368,282
TCS,63,CHIP FORMATION,CHENNAI,DIGITAL CAMERAS,47547,CALIFORNIA,708,126
SAMSUNG,10,ASSEMBLING AND DISASSEMBLING,CANADA,MOBILE,37456,USA,243,691
SONY,74,MICROPROCESSOR,CHENNAI,MOBILE,89032,JAPAN,706,934
TOYOTA,99,MICROPROCESSOR,ENGLAND,TV,26976,CALIFORNIA,953,623
SAMSUNG,37,ASSEMBLING AND DISASSEMBLING,DELHI,MOTHERBOARD CHIPSETS,22281,AUSTRALIA,513,500
TCS,23,MICROPROCESSOR,UNITED STATES,DIGITAL CAMERAS,44484,CHINA,461,256
IBM,49,ASSEMBLING AND DISASSEMBLING,BANGALORE,AUTOMOTIVE VEHICLES,41254,USA,863,610
SAMSUNG,14,MICROPROCESSOR,CALIFORNIA,LCD AND LED PANELS,19148,CANADA,899,586
TOYOTA,63,CHIP FORMATION,BANGALORE,DIGITAL CAMERAS,09736,CALIFORNIA,966,347
IBM,90,CHIP FORMATION,UNITED STATES,AUTOMOTIVE VEHICLES,76265,CHINA,426,394
IBM,81,ASSEMBLING AND DISASSEMBLING,UNITED STATES,SEMICONDUCTORS,01899,AUSTRALIA,543,564
ONIDA,62,ASSEMBLING AND DISASSEMBLING,UNITED STATES,MOTHERBOARD CHIPSETS,92053,AUSTRALIA,282,335
SAMSUNG,20,SOFTWARE DEVELOPMENT,ENGLAND,LCD AND LED PANELS,59681,CHINA,936,705
SAMSUNG,95,MICROPROCESSOR,CHINA,AUTOMOTIVE VEHICLES,48908,CALIFORNIA,084,598
TOYOTA,16,MICROPROCESSOR,CALIFORNIA,AUTOMOBILES,27777,CALIFORNIA,025,441
ONIDA,99,MICROPROCESSOR,BRAZIL,SEMICONDUCTORS,95568,JAPAN,730,788
TOYOTA,75,ASSEMBLING AND DISASSEMBLING,CHENNAI,SEMICONDUCTORS,30650,CANADA,734,037
TOYOTA,62,ASSEMBLING AND DISASSEMBLING,BRAZIL,DIGITAL CAMERAS,81748,CALIFORNIA,895,556
TOYOTA,99,SOFTWARE DEVELOPMENT,BANGALORE,SEMICONDUCTORS,59277,CANADA,628,783
SONY,24,SOFTWARE DEVELOPMENT,UNITED STATES,SEMICONDUCTORS,49980,CALIFORNIA,406,990
TOYOTA,74,MICROPROCESSOR,JAPAN,DIGITAL CAMERAS,50413,USA,445,808
TCS,77,ASSEMBLING AND DISASSEMBLING,CANADA,SEMICONDUCTORS,10461,INDIA,353,039
IBM,34,SOFTWARE DEVELOPMENT,MUMBAI,MOBILE,60491,CHINA,613,703
TCS,31,SOFTWARE DEVELOPMENT,CHINA,DIGITAL CAMERAS,70457,CANADA,106,363
ONIDA,89,ASSEMBLING AND DISASSEMBLING,CHENNAI,LCD AND LED PANELS,40868,CHINA,314,286
TOYOTA,54,SOFTWARE DEVELOPMENT,BANGALORE,AUTOMOBILES,82091,BRAZIL,235,432
TOYOTA,87,SOFTWARE DEVELOPMENT,MUMBAI,MOTHERBOARD CHIPSETS,73449,CHINA,960,398
SONY,02,ASSEMBLING AND DISASSEMBLING,ENGLAND,TV,94376,CALIFORNIA,945,155
SAMSUNG,26,ASSEMBLING AND DISASSEMBLING,CHINA,MOTHERBOARD CHIPSETS,71068,BRAZIL,756,886
TCS,99,ASSEMBLING AND DISASSEMBLING,CHINA,DIGITAL CAMERAS,43565,USA,799,278
TCS,24,CHIP FORMATION,MUMBAI,AUTOMOTIVE VEHICLES,12250,INDIA,136,728
IBM,52,SOFTWARE DEVELOPMENT,CHENNAI,MOTHERBOARD CHIPSETS,81237,INDIA,815,070
IBM,29,SOFTWARE DEVELOPMENT,CHENNAI,TV,55795,CHINA,824,297
ONIDA,95,ASSEMBLING AND DISASSEMBLING,MUMBAI,AUTOMOTIVE VEHICLES,45889,USA,577,610
TCS,06,CHIP FORMATION,DELHI,AUTOMOBILES,29323,USA,034,665
SONY,58,CHIP FORMATION,UNITED STATES,AUTOMOBILES,33566,CANADA,458,739
TOYOTA,70,SOFTWARE DEVELOPMENT,MUMBAI,AUTOMOBILES,55234,CHINA,189,606
TOYOTA,34,SOFTWARE DEVELOPMENT,MUMBAI,LCD AND LED PANELS,09830,CALIFORNIA,931,326
TCS,65,MICROPROCESSOR,BRAZIL,MOTHERBOARD CHIPSETS,89858,INDIA,978,252
IBM,12,ASSEMBLING AND DISASSEMBLING,CHINA,TV,91839,BRAZIL,079,844
SAMSUNG,10,SOFTWARE DEVELOPMENT,UNITED STATES,MOTHERBOARD CHIPSETS,14591,USA,559,541
IBM,27,CHIP FORMATION,CALIFORNIA,MOTHERBOARD CHIPSETS,71066,INDIA,146,524
ONIDA,05,CHIP FORMATION,DELHI,AUTOMOTIVE VEHICLES,28973,CHINA,476,748
ONIDA,58,SOFTWARE DEVELOPMENT,BRAZIL,AUTOMOBILES,71044,CANADA,888,442
SONY,01,CHIP FORMATION,CHINA,MOTHERBOARD CHIPSETS,77860,CHINA,597,428
IBM,62,SOFTWARE DEVELOPMENT,ENGLAND,AUTOMOBILES,98290,CANADA,728,588
IBM,55,SOFTWARE DEVELOPMENT,DELHI,AUTOMOBILES,79087,AUSTRALIA,709,439
TCS,45,MICROPROCESSOR,BANGALORE,DIGITAL CAMERAS,40790,CHINA,040,956
TCS,12,CHIP FORMATION,CHINA,MOBILE,13904,JAPAN,813,509
TOYOTA,77,MICROPROCESSOR,CALIFORNIA,TV,14708,CALIFORNIA,381,519
ONIDA,58,SOFTWARE DEVELOPMENT,BANGALORE,MOBILE,69052,CALIFORNIA,070,373
SAMSUNG,47,SOFTWARE DEVELOPMENT,CALIFORNIA,TV,58207,CALIFORNIA,655,791
SONY,80,CHIP FORMATION,BRAZIL,DIGITAL CAMERAS,96787,AUSTRALIA,446,053
IBM,87,MICROPROCESSOR,MUMBAI,AUTOMOTIVE VEHICLES,41352,USA,493,397
ONIDA,29,MICROPROCESSOR,DELHI,AUTOMOTIVE VEHICLES,77933,INDIA,268,305
SONY,18,SOFTWARE DEVELOPMENT,BANGALORE,MOTHERBOARD CHIPSETS,78838,CALIFORNIA,600,360
SAMSUNG,64,MICROPROCESSOR,ENGLAND,LCD AND LED PANELS,49158,CHINA,070,125
TOYOTA,38,ASSEMBLING AND DISASSEMBLING,CHINA,AUTOMOBILES,15637,CANADA,879,746
SONY,22,CHIP FORMATION,CALIFORNIA,MOTHERBOARD CHIPSETS,62430,BRAZIL,104,245
ONIDA,46,ASSEMBLING AND DISASSEMBLING,CANADA,AUTOMOBILES,35996,CANADA,437,324
SAMSUNG,87,MICROPROCESSOR,BRAZIL,AUTOMOTIVE VEHICLES,35698,USA,620,866
TCS,79,CHIP FORMATION,BRAZIL,MOTHERBOARD CHIPSETS,99584,CHINA,580,506
ONIDA,42,CHIP FORMATION,JAPAN,MOTHERBOARD CHIPSETS,69333,USA,897,081
ONIDA,71,ASSEMBLING AND DISASSEMBLING,CHINA,TV,64968,CANADA,245,306
SONY,27,MICROPROCESSOR,JAPAN,MOBILE,74995,INDIA,089,305
TOYOTA,83,MICROPROCESSOR,AUSTRALIA,DIGITAL CAMERAS,91222,CHINA,214,521
TCS,40,ASSEMBLING AND DISASSEMBLING,DELHI,SEMICONDUCTORS,74765,AUSTRALIA,261,870
TCS,36,ASSEMBLING AND DISASSEMBLING,CHINA,DIGITAL CAMERAS,39209,JAPAN,277,592
SAMSUNG,84,CHIP FORMATION,BANGALORE,TV,24813,USA,460,222
ONIDA,84,ASSEMBLING AND DISASSEMBLING,CALIFORNIA,DIGITAL CAMERAS,71395,JAPAN,451,723
SAMSUNG,71,CHIP FORMATION,MUMBAI,DIGITAL CAMERAS,88438,INDIA,981,762
IBM,62,ASSEMBLING AND DISASSEMBLING,UNITED STATES,AUTOMOTIVE VEHICLES,21978,CALIFORNIA,370,886
ONIDA,89,MICROPROCESSOR,UNITED STATES,AUTOMOTIVE VEHICLES,32121,JAPAN,178,954
SAMSUNG,64,ASSEMBLING AND DISASSEMBLING,CALIFORNIA,MOBILE,62356,BRAZIL,715,860
IBM,34,ASSEMBLING AND DISASSEMBLING,UNITED STATES,MOTHERBOARD CHIPSETS,15083,USA,231,531
SONY,21,MICROPROCESSOR,CANADA,SEMICONDUCTORS,58001,CANADA,750,808
TCS,13,MICROPROCESSOR,CHENNAI,AUTOMOBILES,39736,USA,886,506
TCS,36,SOFTWARE DEVELOPMENT,ENGLAND,LCD AND LED PANELS,15610,CALIFORNIA,913,906
SAMSUNG,72,CHIP FORMATION,CANADA,MOTHERBOARD CHIPSETS,94699,BRAZIL,983,923
IBM,68,MICROPROCESSOR,MUMBAI,AUTOMOBILES,93408,CALIFORNIA,582,236
IBM,34,CHIP FORMATION,CHINA,AUTOMOTIVE VEHICLES,03806,CANADA,281,491
IBM,07,MICROPROCESSOR,JAPAN,LCD AND LED PANELS,48458,BRAZIL,801,188
TOYOTA,05,SOFTWARE DEVELOPMENT,CALIFORNIA,TV,50489,USA,633,399
SONY,57,SOFTWARE DEVELOPMENT,CANADA,TV,97537,BRAZIL,434,038
ONIDA,60,SOFTWARE DEVELOPMENT,BRAZIL,AUTOMOBILES,23819,CANADA,548,065
TCS,17,ASSEMBLING AND DISASSEMBLING,BANGALORE,SEMICONDUCTORS,54981,USA,243,084
SAMSUNG,94,MICROPROCESSOR,BANGALORE,AUTOMOBILES,02673,JAPAN,707,921
TOYOTA,72,MICROPROCESSOR,MUMBAI,MOTHERBOARD CHIPSETS,39007,USA,531,823
ONIDA,01,SOFTWARE DEVELOPMENT,CHINA,TV,25888,USA,348,818
TCS,09,MICROPROCESSOR,DELHI,LCD AND LED PANELS,76891,BRAZIL,249,832
IBM,66,ASSEMBLING AND DISASSEMBLING,CHINA,SEMICONDUCTORS,72639,CHINA,379,276
TOYOTA,97,ASSEMBLING AND DISASSEMBLING,CALIFORNIA,SEMICONDUCTORS,95725,BRAZIL,684,756
SAMSUNG,36,CHIP FORMATION,BRAZIL,AUTOMOBILES,20994,JAPAN,985,125
TOYOTA,44,CHIP FORMATION,MUMBAI,MOBILE,28718,INDIA,038,910
TOYOTA,73,CHIP FORMATION,MUMBAI,SEMICONDUCTORS,95139,AUSTRALIA,362,607
SONY,58,MICROPROCESSOR,CANADA,TV,45848,CALIFORNIA,692,001
IBM,75,MICROPROCESSOR,JAPAN,AUTOMOBILES,96823,CALIFORNIA,820,653
TOYOTA,78,ASSEMBLING AND DISASSEMBLING,JAPAN,AUTOMOTIVE VEHICLES,51300,CHINA,767,256
TCS,02,CHIP FORMATION,ENGLAND,MOBILE,70331,USA,344,297
TOYOTA,73,MICROPROCESSOR,BANGALORE,LCD AND LED PANELS,08613,CHINA,996,480
SAMSUNG,63,CHIP FORMATION,CHENNAI,MOBILE,00936,CHINA,065,540
SONY,97,SOFTWARE DEVELOPMENT,DELHI,AUTOMOTIVE VEHICLES,85986,USA,065,701
SONY,32,ASSEMBLING AND DISASSEMBLING,BRAZIL,LCD AND LED PANELS,74969,CHINA,052,923
IBM,23,CHIP FORMATION,BRAZIL,TV,45339,BRAZIL,680,530
ONIDA,22,SOFTWARE DEVELOPMENT,CALIFORNIA,AUTOMOBILES,52767,AUSTRALIA,442,524
TCS,50,SOFTWARE DEVELOPMENT,CALIFORNIA,AUTOMOBILES,26901,USA,307,723
ONIDA,32,CHIP FORMATION,UNITED STATES,AUTOMOBILES,28881,USA,503,135
TCS,14,MICROPROCESSOR,UNITED STATES,MOTHERBOARD CHIPSETS,28421,INDIA,489,233
SAMSUNG,09,ASSEMBLING AND DISASSEMBLING,BRAZIL,AUTOMOBILES,56984,CALIFORNIA,888,333
TOYOTA,83,ASSEMBLING AND DISASSEMBLING,CALIFORNIA,AUTOMOBILES,32666,CANADA,728,640
TCS,73,ASSEMBLING AND DISASSEMBLING,CALIFORNIA,SEMICONDUCTORS,94976,JAPAN,588,299
ONIDA,23,MICROPROCESSOR,CHINA,AUTOMOTIVE VEHICLES,28053,CALIFORNIA,802,631
ONIDA,38,SOFTWARE DEVELOPMENT,CANADA,AUTOMOBILES,69460,CHINA,753,625
TOYOTA,30,SOFTWARE DEVELOPMENT,JAPAN,AUTOMOTIVE VEHICLES,96320,BRAZIL,196,171
ONIDA,86,SOFTWARE DEVELOPMENT,UNITED STATES,AUTOMOTIVE VEHICLES,80960,USA,250,636
IBM,50,SOFTWARE DEVELOPMENT,CHINA,TV,15243,INDIA,336,347
SAMSUNG,08,ASSEMBLING AND DISASSEMBLING,UNITED STATES,LCD AND LED PANELS,01504,BRAZIL,151,159
SAMSUNG,66,ASSEMBLING AND DISASSEMBLING,JAPAN,MOBILE,97232,CANADA,468,963
TOYOTA,78,MICROPROCESSOR,CANADA,LCD AND LED PANELS,70369,CHINA,091,774
SAMSUNG,86,ASSEMBLING AND DISASSEMBLING,AUSTRALIA,AUTOMOBILES,67542,BRAZIL,058,684
TCS,23,CHIP FORMATION,CHINA,MOBILE,65981,JAPAN,765,750
TOYOTA,84,SOFTWARE DEVELOPMENT,AUSTRALIA,SEMICONDUCTORS,71336,CHINA,197,090
TOYOTA,24,MICROPROCESSOR,BRAZIL,MOBILE,30812,CANADA,053,075
TOYOTA,22,ASSEMBLING AND DISASSEMBLING,CHINA,MOBILE,82295,CANADA,679,811
TOYOTA,21,CHIP FORMATION,AUSTRALIA,MOTHERBOARD CHIPSETS,85575,JAPAN,812,766
SONY,55,MICROPROCESSOR,BRAZIL,AUTOMOBILES,57140,INDIA,495,124
ONIDA,21,MICROPROCESSOR,MUMBAI,DIGITAL CAMERAS,27617,BRAZIL,930,276
SAMSUNG,54,SOFTWARE DEVELOPMENT,CHINA,TV,21814,JAPAN,179,275
SONY,58,MICROPROCESSOR,BRAZIL,SEMICONDUCTORS,36437,JAPAN,783,526
SONY,19,CHIP FORMATION,CHINA,DIGITAL CAMERAS,85027,CALIFORNIA,347,170
SAMSUNG,78,MICROPROCESSOR,AUSTRALIA,TV,68233,BRAZIL,701,388
TOYOTA,53,CHIP FORMATION,UNITED STATES,AUTOMOTIVE VEHICLES,13964,JAPAN,675,100
ONIDA,30,ASSEMBLING AND DISASSEMBLING,BRAZIL,SEMICONDUCTORS,93520,CHINA,704,002
IBM,79,SOFTWARE DEVELOPMENT,DELHI,MOBILE,28574,BRAZIL,897,028
TCS,82,MICROPROCESSOR,MUMBAI,MOBILE,01911,CHINA,002,989
TCS,06,CHIP FORMATION,JAPAN,SEMICONDUCTORS,66887,CHINA,343,715
ONIDA,81,SOFTWARE DEVELOPMENT,CANADA,LCD AND LED PANELS,44658,AUSTRALIA,197,708
SONY,00,SOFTWARE DEVELOPMENT,DELHI,TV,21942,USA,455,973
SAMSUNG,62,SOFTWARE DEVELOPMENT,AUSTRALIA,MOBILE,25972,BRAZIL,526,587
ONIDA,02,MICROPROCESSOR,BANGALORE,AUTOMOTIVE VEHICLES,27945,CHINA,674,401
TCS,55,ASSEMBLING AND DISASSEMBLING,CALIFORNIA,TV,88055,AUSTRALIA,165,717
SAMSUNG,32,CHIP FORMATION,BANGALORE,MOTHERBOARD CHIPSETS,74558,CHINA,237,647
ONIDA,35,CHIP FORMATION,CANADA,LCD AND LED PANELS,75802,AUSTRALIA,990,983
SONY,34,SOFTWARE DEVELOPMENT,DELHI,LCD AND LED PANELS,51296,BRAZIL,738,010
ONIDA,72,ASSEMBLING AND DISASSEMBLING,AUSTRALIA,AUTOMOTIVE VEHICLES,25024,BRAZIL,676,651
IBM,33,CHIP FORMATION,JAPAN,AUTOMOTIVE VEHICLES,65785,JAPAN,415,103
TOYOTA,13,SOFTWARE DEVELOPMENT,JAPAN,MOTHERBOARD CHIPSETS,73493,JAPAN,289,279
IBM,12,SOFTWARE DEVELOPMENT,UNITED STATES,MOTHERBOARD CHIPSETS,82956,USA,142,114
SAMSUNG,00,CHIP FORMATION,DELHI,LCD AND LED PANELS,80024,CALIFORNIA,129,826
TOYOTA,58,CHIP FORMATION,ENGLAND,AUTOMOBILES,98737,JAPAN,793,021
TOYOTA,78,CHIP FORMATION,CHINA,MOTHERBOARD CHIPSETS,92486,CALIFORNIA,225,207
ONIDA,72,MICROPROCESSOR,UNITED STATES,LCD AND LED PANELS,55636,USA,949,096
ONIDA,92,ASSEMBLING AND DISASSEMBLING,BANGALORE,SEMICONDUCTORS,31367,BRAZIL,679,642
TOYOTA,04,CHIP FORMATION,CHINA,AUTOMOBILES,57866,JAPAN,971,895
TCS,30,CHIP FORMATION,UNITED STATES,LCD AND LED PANELS,67184,CHINA,453,637
